<?xml version="1.0" encoding="UTF-8"?>
<project-private xmlns="http://www.netbeans.org/ns/project-private/1">
    <editor-bookmarks xmlns="http://www.netbeans.org/ns/editor-bookmarks/2" lastBookmarkId="0"/>
    <open-files xmlns="http://www.netbeans.org/ns/projectui-open-files/2">
        <group>
            <file>file:/D:/Mokslai/2%20semestras/OOP/Renginiai/src/EventRead.java</file>
            <file>file:/D:/Mokslai/2%20semestras/OOP/Renginiai/src/Dateconverter.java</file>
            <file>file:/D:/Mokslai/2%20semestras/OOP/Renginiai/src/Gui.java</file>
            <file>file:/D:/Mokslai/2%20semestras/OOP/Renginiai/src/Time.java</file>
            <file>file:/D:/Mokslai/2%20semestras/OOP/Renginiai/src/Eventduom.java</file>
            <file>file:/D:/Mokslai/2%20semestras/OOP/Renginiai/src/Main.java</file>
            <file>file:/D:/Mokslai/2%20semestras/OOP/Renginiai/src/Comparator.java</file>
            <file>file:/D:/Mokslai/2%20semestras/OOP/Renginiai/src/Print.java</file>
            <file>file:/D:/Mokslai/2%20semestras/OOP/Renginiai/src/duom.txt</file>
        </group>
    </open-files>
</project-private>
